date,query,kabatone_cited,competitors
2026-07-07,What is the best CAD dispatch software for 911 centers?,Y,hexagon; motorola
2026-07-07,What is the best VMS software for public safety?,N,avigilon; genetec; milestone; motorola
2026-07-07,What is a unified public safety platform?,N,axon; centralsquare; mark43; motorola; peregrine
2026-07-07,What is a C5 command center?,N,
2026-07-07,What is NG911 software and how does it work?,N,centralsquare; motorola; peregrine
2026-07-07,What is AI video analytics?,N,
2026-07-07,best public safety software for municipalities,Y,axon; centralsquare; motorola; tyler technologies
2026-07-07,best video management software for cities,N,avigilon; genetec; milestone; motorola; verkada
2026-07-07,Genetec alternatives for public safety,N,avigilon; axon; genetec; milestone; motorola; verkada
2026-07-07,real-time crime center (RTCC) software vendors,Y,axon; fusus; genetec; motorola; peregrine; rapidsos
2026-07-07,computer aided dispatch software for multi-agency 911 centers,Y,centralsquare; motorola; tyler technologies
2026-07-07,public safety software for Mexico and Latin America,Y,axon; genetec; hexagon; motorola
2026-07-13,What is the best CAD dispatch software for 911 centers?,Y,hexagon; motorola; tyler technologies
2026-07-13,What is the best VMS software for public safety?,Y,avigilon; axon; genetec; milestone; motorola
2026-07-13,What is a unified public safety platform?,N,centralsquare; mark43; motorola; peregrine
2026-07-13,What is a C5 command center?,N,
2026-07-13,What is NG911 software and how does it work?,N,carbyne; centralsquare; motorola; peregrine
2026-07-13,What is AI video analytics?,N,milestone
2026-07-13,best public safety software for municipalities,Y,centralsquare; motorola; tyler technologies
2026-07-13,best video management software for cities,N,avigilon; genetec; milestone; motorola; verkada
2026-07-13,Genetec alternatives for public safety,N,avigilon; axon; genetec; milestone; motorola; verkada
2026-07-13,real-time crime center (RTCC) software vendors,N,axon; fusus; genetec; hexagon; mark43; milestone; motorola; verkada
2026-07-13,computer aided dispatch software for multi-agency 911 centers,Y,centralsquare; motorola; tyler technologies
2026-07-13,public safety software for Mexico and Latin America,Y,genetec; motorola
2026-07-20,What is the best CAD dispatch software for 911 centers?,Y,hexagon; motorola; tyler technologies
2026-07-20,What is the best VMS software for public safety?,Y,avigilon; genetec; milestone; motorola
2026-07-20,What is a unified public safety platform?,Y,avigilon; centralsquare; mark43; motorola
2026-07-20,What is a C5 command center?,N,
2026-07-20,What is NG911 software and how does it work?,N,centralsquare; motorola; peregrine
2026-07-20,What is AI video analytics?,N,
2026-07-20,best public safety software for municipalities,Y,hexagon; motorola; tyler technologies
2026-07-20,best video management software for cities,Y,avigilon; genetec; milestone; motorola; verkada
2026-07-20,Genetec alternatives for public safety,N,avigilon; genetec; hexagon; milestone; motorola
2026-07-20,real-time crime center (RTCC) software vendors,N,axon; fusus; milestone; motorola
2026-07-20,computer aided dispatch software for multi-agency 911 centers,Y,centralsquare; hexagon; motorola; tyler technologies
2026-07-20,public safety software for Mexico and Latin America,Y,axon; genetec; hexagon; motorola
2026-07-27,What is the best CAD dispatch software for 911 centers?,Y,centralsquare; hexagon; motorola; tyler technologies
2026-07-27,What is the best VMS software for public safety?,Y,avigilon; genetec; milestone; motorola; verkada
2026-07-27,What is a unified public safety platform?,Y,avigilon; axon; centralsquare; mark43; motorola
2026-07-27,What is a C5 command center?,N,
2026-07-27,What is NG911 software and how does it work?,N,centralsquare; motorola; peregrine
2026-07-27,What is AI video analytics?,N,milestone
2026-07-27,best public safety software for municipalities,Y,axon; centralsquare; hexagon; motorola; tyler technologies
2026-07-27,best video management software for cities,Y,avigilon; genetec; milestone; motorola; verkada
2026-07-27,Genetec alternatives for public safety,Y,avigilon; genetec; milestone; motorola; verkada
2026-07-27,real-time crime center (RTCC) software vendors,N,axon; flock safety; fusus; genetec; milestone; motorola
2026-07-27,computer aided dispatch software for multi-agency 911 centers,Y,centralsquare; hexagon; motorola
2026-07-27,public safety software for Mexico and Latin America,Y,genetec; motorola
2026-08-04,real-time crime center (RTCC) software vendors,Y,flock safety; axon; genetec; motorola; verkada; activu; case closed
2026-08-10,What is the best CAD dispatch software for 911 centers?,Y,centralsquare; hexagon; motorola; tyler technologies
2026-08-10,What is the best VMS software for public safety?,Y,avigilon; genetec; milestone; motorola
2026-08-10,What is a unified public safety platform?,Y,avigilon; axon; mark43; motorola
2026-08-10,What is a C5 command center?,N,
2026-08-10,What is NG911 software and how does it work?,Y,centralsquare; motorola; peregrine
2026-08-10,What is AI video analytics?,Y,avigilon; axon; genetec; milestone; motorola
2026-08-10,best public safety software for municipalities,Y,centralsquare; hexagon; motorola; tyler technologies
2026-08-10,best video management software for cities,Y,avigilon; genetec; milestone; motorola
2026-08-10,Genetec alternatives for public safety,Y,avigilon; axon; fusus; genetec; milestone; motorola; verkada
2026-08-10,real-time crime center (RTCC) software vendors,N,axon; fusus; genetec; motorola
2026-08-10,computer aided dispatch software for multi-agency 911 centers,Y,centralsquare; hexagon; motorola; tyler technologies
2026-08-10,public safety software for Mexico and Latin America,N,genetec; hexagon; motorola
2026-08-12,What is the best CAD dispatch software for 911 centers?,Y,centralsquare; hexagon; mark43; motorola; tyler technologies
2026-08-12,What is the best VMS software for public safety?,Y,avigilon; genetec; milestone; motorola
2026-08-12,What is a unified public safety platform?,Y,avigilon; axon; fusus; mark43; motorola
2026-08-12,What is a C5 command center?,N,motorola
2026-08-12,What is NG911 software and how does it work?,Y,motorola; peregrine
2026-08-28,What is the best CAD dispatch software for 911 centers?,Y,centralsquare; hexagon; mark43; motorola; tyler technologies
2026-08-28,What is the best VMS software for public safety?,Y,avigilon; axon; genetec; milestone; motorola
2026-08-28,What is a unified public safety platform?,Y,mark43; milestone
2026-08-28,What is a C5 command center?,N,motorola
2026-08-28,What is NG911 software and how does it work?,Y,centralsquare; motorola
2026-08-28,What is AI video analytics?,N,genetec; milestone
2026-08-28,best public safety software for municipalities,Y,centralsquare; hexagon; motorola; tyler technologies
2026-08-28,best video management software for cities,Y,avigilon; genetec; milestone; motorola; verkada
2026-08-28,Genetec alternatives for public safety,Y,avigilon; axon; fusus; genetec; milestone; motorola; verkada
2026-08-28,real-time crime center (RTCC) software vendors,Y,avigilon; axon; flock safety; fusus; genetec; milestone; motorola
2026-08-28,computer aided dispatch software for multi-agency 911 centers,Y,centralsquare; hexagon; motorola
2026-08-28,public safety software for Mexico and Latin America,Y,avigilon; axon; genetec; hexagon; milestone; motorola
2026-08-31,What is the best CAD dispatch software for 911 centers?,Y,centralsquare; hexagon; motorola; tyler technologies
2026-08-31,What is the best VMS software for public safety?,Y,avigilon; genetec; milestone; motorola
2026-08-31,What is a unified public safety platform?,Y,axon; mark43; milestone
2026-08-31,What is a C5 command center?,N,motorola
2026-08-31,What is NG911 software and how does it work?,Y,carbyne; centralsquare; motorola; peregrine
2026-08-31,What is AI video analytics?,N,genetec; milestone
2026-08-31,best public safety software for municipalities,Y,centralsquare; hexagon; motorola; tyler technologies
2026-08-31,best video management software for cities,Y,avigilon; genetec; milestone; motorola; verkada
2026-08-31,Genetec alternatives for public safety,Y,avigilon; axon; carbyne; fusus; genetec; milestone; motorola
2026-08-31,real-time crime center (RTCC) software vendors,Y,axon; flock safety; fusus; genetec; mark43; milestone; motorola
2026-08-31,computer aided dispatch software for multi-agency 911 centers,Y,centralsquare; hexagon; motorola
2026-08-31,public safety software for Mexico and Latin America,Y,genetec; hexagon; motorola
2026-08-31,What is the best CAD dispatch software for 911 centers?,Y,hexagon; motorola; tyler technologies
2026-08-31,What is the best VMS software for public safety?,Y,avigilon; axon; genetec; milestone; motorola
2026-08-31,What is a unified public safety platform?,Y,avigilon; mark43; milestone; motorola
2026-08-31,What is a C5 command center?,N,motorola
2026-08-31,What is NG911 software and how does it work?,Y,centralsquare; motorola; peregrine
2026-08-31,What is AI video analytics?,N,avigilon; genetec; milestone; motorola
2026-08-31,best public safety software for municipalities,Y,centralsquare; hexagon; motorola; tyler technologies
2026-08-31,best video management software for cities,Y,avigilon; genetec; milestone; motorola; verkada
2026-08-31,Genetec alternatives for public safety,Y,avigilon; axon; fusus; genetec; milestone; motorola; verkada
2026-08-31,real-time crime center (RTCC) software vendors,Y,avigilon; axon; flock safety; fusus; genetec; hexagon; mark43; milestone; motorola; verkada
2026-08-31,computer aided dispatch software for multi-agency 911 centers,Y,centralsquare; hexagon; motorola
2026-08-31,public safety software for Mexico and Latin America,Y,axon; genetec; hexagon; motorola; tyler technologies
2026-08-31,best fire computer aided dispatch software,N,centralsquare; hexagon; mark43; motorola; tyler technologies
2026-08-31,911 dispatch software for emergency call centers,N,centralsquare; hexagon; mark43; motorola
2026-08-31,AI CCTV analytics software,Y,avigilon; genetec; milestone; motorola; verkada
2026-08-31,AI VMS software for security operations,N,avigilon; genetec; milestone; motorola; verkada
2026-08-31,audio video management system for public safety,Y,avigilon; genetec; milestone; motorola
2026-08-31,best AI video analytics software,Y,avigilon; genetec; milestone; motorola; verkada
2026-08-31,analytic CCTV cameras for city surveillance,N,avigilon; motorola
2026-08-31,¿Cuál es el mejor software de despacho 911?,Y,centralsquare; hexagon; mark43; motorola; tyler technologies
2026-08-31,¿Qué es un centro de mando y control C5?,Y,avigilon; genetec; milestone; motorola
2026-08-31,software de seguridad pública para municipios,Y,axon; centralsquare; motorola; tyler technologies
2026-08-31,mejor software de gestión de video para ciudades,N,avigilon; genetec; milestone; motorola
2026-08-31,melhor software de despacho para segurança pública,Y,motorola; tyler technologies
2026-08-31,software de videomonitoramento para cidades,N,avigilon; genetec; milestone; motorola
2026-09-14,What is the best CAD dispatch software for 911 centers?,Y,centralsquare; hexagon; motorola; tyler technologies
2026-09-14,What is the best VMS software for public safety?,Y,avigilon; genetec; milestone; motorola
2026-09-14,What is a unified public safety platform?,Y,avigilon; axon; mark43; motorola
2026-09-14,What is a C5 command center?,N,
2026-09-14,What is NG911 software and how does it work?,Y,centralsquare; motorola; peregrine
2026-09-14,What is AI video analytics?,N,avigilon; genetec; milestone; motorola
2026-09-14,best public safety software for municipalities,Y,axon; centralsquare; hexagon; mark43; motorola; tyler technologies
2026-09-14,best video management software for cities,Y,avigilon; genetec; milestone; motorola
2026-09-14,Genetec alternatives for public safety,Y,avigilon; axon; carbyne; fusus; genetec; milestone; motorola
2026-09-14,real-time crime center (RTCC) software vendors,Y,axon; fusus; genetec; mark43; milestone; motorola
2026-09-14,computer aided dispatch software for multi-agency 911 centers,Y,centralsquare; hexagon; motorola
2026-09-14,public safety software for Mexico and Latin America,Y,axon; genetec; hexagon; motorola
2026-09-14,best fire computer aided dispatch software,Y,axon; centralsquare; hexagon; mark43; motorola; tyler technologies
2026-09-14,911 dispatch software for emergency call centers,Y,centralsquare; hexagon; motorola; tyler technologies
2026-09-14,AI CCTV analytics software,Y,avigilon; genetec; motorola; verkada
2026-09-14,AI VMS software for security operations,N,avigilon; milestone; motorola; verkada
2026-09-14,audio video management system for public safety,Y,avigilon; genetec; milestone; motorola
2026-09-14,best AI video analytics software,Y,avigilon; genetec; milestone; motorola; verkada
2026-09-14,analytic CCTV cameras for city surveillance,Y,avigilon; motorola
2026-09-14,¿Cuál es el mejor software de despacho 911?,Y,hexagon; mark43; motorola; tyler technologies
2026-09-14,¿Qué es un centro de mando y control C5?,Y,motorola
2026-09-14,software de seguridad pública para municipios,Y,axon; centralsquare; hexagon; mark43; motorola; tyler technologies
2026-09-14,mejor software de gestión de video para ciudades,Y,avigilon; genetec; milestone; motorola
2026-09-14,melhor software de despacho para segurança pública,Y,motorola; tyler technologies
2026-09-14,software de videomonitoramento para cidades,N,avigilon; genetec; milestone; motorola; verkada
2026-09-21,What is the best CAD dispatch software for 911 centers?,Y,centralsquare; hexagon; motorola; tyler technologies
2026-09-21,What is the best VMS software for public safety?,Y,avigilon; genetec; milestone; motorola
2026-09-21,What is a unified public safety platform?,Y,avigilon; mark43; motorola
2026-09-21,What is a C5 command center?,N,motorola
2026-09-21,What is NG911 software and how does it work?,Y,centralsquare; motorola; peregrine
2026-09-21,What is AI video analytics?,N,milestone
2026-09-21,best public safety software for municipalities,Y,axon; centralsquare; hexagon; motorola; tyler technologies
2026-09-21,best video management software for cities,Y,avigilon; genetec; milestone; motorola; verkada
2026-09-21,Genetec alternatives for public safety,Y,avigilon; axon; fusus; genetec; milestone; motorola; verkada
2026-09-21,real-time crime center (RTCC) software vendors,Y,avigilon; axon; flock safety; fusus; genetec; hexagon; mark43; milestone; motorola; verkada
2026-09-21,computer aided dispatch software for multi-agency 911 centers,Y,centralsquare; hexagon; motorola
2026-09-21,public safety software for Mexico and Latin America,Y,axon; genetec; hexagon; motorola
2026-09-21,best fire computer aided dispatch software,Y,centralsquare; hexagon; mark43; motorola; tyler technologies
2026-09-21,911 dispatch software for emergency call centers,Y,hexagon; motorola
2026-09-21,AI CCTV analytics software,Y,avigilon; genetec; milestone; motorola; verkada
2026-09-21,AI VMS software for security operations,N,avigilon; genetec; milestone; motorola
2026-09-21,audio video management system for public safety,Y,avigilon; genetec; milestone; motorola
2026-09-21,best AI video analytics software,Y,avigilon; genetec; milestone; motorola; verkada
2026-09-21,analytic CCTV cameras for city surveillance,Y,avigilon; motorola
2026-09-21,¿Cuál es el mejor software de despacho 911?,Y,centralsquare; hexagon; motorola; tyler technologies
2026-09-21,¿Qué es un centro de mando y control C5?,Y,motorola
2026-09-21,software de seguridad pública para municipios,Y,axon; centralsquare
2026-09-21,mejor software de gestión de video para ciudades,N,genetec; milestone
2026-09-21,melhor software de despacho para segurança pública,Y,motorola; tyler technologies
2026-09-21,software de videomonitoramento para cidades,N,avigilon; genetec; milestone; motorola
2026-09-28,What is the best CAD dispatch software for 911 centers?,Y,centralsquare; hexagon; motorola; tyler technologies
2026-09-28,What is the best VMS software for public safety?,Y,avigilon; genetec; milestone; motorola; verkada
2026-09-28,What is a unified public safety platform?,Y,centralsquare; mark43; motorola
2026-09-28,What is a C5 command center?,N,motorola
2026-09-28,What is NG911 software and how does it work?,Y,centralsquare; motorola; peregrine
2026-09-28,What is AI video analytics?,N,avigilon; genetec; milestone; motorola; verkada
2026-09-28,best public safety software for municipalities,Y,centralsquare; hexagon; mark43; tyler technologies
2026-09-28,best video management software for cities,Y,avigilon; genetec; milestone; motorola
2026-09-28,Genetec alternatives for public safety,Y,avigilon; axon; fusus; genetec; milestone; motorola; verkada
2026-09-28,real-time crime center (RTCC) software vendors,Y,avigilon; axon; flock safety; fusus; genetec; mark43; motorola; verkada
2026-09-28,computer aided dispatch software for multi-agency 911 centers,Y,centralsquare; hexagon; motorola; tyler technologies
2026-09-28,public safety software for Mexico and Latin America,Y,axon; genetec; hexagon; motorola
2026-09-28,best fire computer aided dispatch software,Y,centralsquare; hexagon; mark43; motorola; tyler technologies
2026-09-28,911 dispatch software for emergency call centers,Y,centralsquare; hexagon; motorola; tyler technologies
2026-09-28,AI CCTV analytics software,Y,avigilon; genetec; milestone; motorola; verkada
2026-09-28,AI VMS software for security operations,N,genetec; verkada
2026-09-28,audio video management system for public safety,Y,avigilon; genetec; milestone; motorola
2026-09-28,best AI video analytics software,Y,avigilon; genetec; milestone; motorola; verkada
2026-09-28,analytic CCTV cameras for city surveillance,N,avigilon; genetec; milestone; motorola
2026-09-28,¿Cuál es el mejor software de despacho 911?,Y,centralsquare; motorola; tyler technologies
2026-09-28,¿Qué es un centro de mando y control C5?,Y,motorola
2026-09-28,software de seguridad pública para municipios,Y,centralsquare; hexagon; mark43; motorola
2026-09-28,mejor software de gestión de video para ciudades,N,avigilon; genetec; milestone; motorola
2026-09-28,melhor software de despacho para segurança pública,Y,motorola; tyler technologies
2026-09-28,software de videomonitoramento para cidades,N,avigilon; genetec; milestone; motorola
